{"valve_WT_multiplier": 4.0, "valve_WT_svc_ivc_multiplier": 4.0, "ring_thickness_multiplier": 0.001, "LV_neck_WT_multiplier": 1.9922, "RV_WT_multiplier": 3.5, "LA_WT_multiplier": 2.0, "RA_WT_multiplier": 2.0, "Ao_WT_multiplier": 2.0, "PArt_WT_multiplier": 2.5, "valve_WT": 10.039152695512499, "valve_WT_svc_ivc": 10.039152695512499, "ring_thickness": 0.0025097881738781248, "LV_neck_WT": 5.0, "RV_WT": 8.784258608573436, "LA_WT": 5.019576347756249, "RA_WT": 5.019576347756249, "Ao_WT": 5.019576347756249, "PArt_WT": 6.274470434695312, "scale_factor": 2.5097881738781247}