{
    "AF": {
        "EF": [
            43.38003412,
            41.61914367,
            37.73976471,
            38.10941353
        ]
    },
    "Ra_control": {
        "EF": [
            45.6803103,
            43.76152205,
            41.96478051,
            40.98482733 
        ]
    },
    "Rh_control": {
        "EF": [
            46.54243062,
            43.78301835,
            42.64472271,
            42.4455029
        ]
    }   
}